{
  "temperatura": 0.17940931210019756,
  "umidade_solo": 0.5760668163948784,
  "ph_solo": 0.24452387150492394,
  "cultura_banana": 0.0,
  "cultura_milho": 0.0
}