{
  "train": {
    "mae": 437.5168007817725,
    "mse": 310191.5588550444,
    "rmse": 556.9484346463723,
    "r2": 0.6277023251485552
  },
  "test": {
    "mae": 731.3617138658952,
    "mse": 820471.030082162,
    "rmse": 905.7985593288179,
    "r2": 0.08116076679633544
  },
  "cv_r2_mean": 0.12253151898805655,
  "cv_r2_std": 0.0843787275838931
}